,feature_id
0,22162032
1,22162026
2,22162020
3,22162016
4,22162014
5,22162022
6,22162024
7,22162012
8,22162018
9,22159266
10,22159258
11,22162774
12,22162778
13,22162788
14,22162876
15,22162870
16,22162866
17,22162888
18,22162884
19,22162808
20,22162806
21,22162892
22,22162820
23,22162828
24,22162834
25,22162836
26,22162830
27,22162810
28,22162798
29,22162824
30,22162850
31,22162856
32,22162862
33,22162852
34,22162844
35,22162840
36,22162908
37,22161826
38,22162904
39,22161842
40,22161840
41,22161806
42,22161792
43,22170602
44,22161800
45,22161772
46,22161762
47,22161726
48,22161716
49,22161720
50,22161752
51,22161710
52,22161732
53,22161736
54,166912864
55,25397060
56,22161756
57,22161760
58,22161780
59,22161804
60,22161810
61,22161816
62,22161830
63,22161820
64,22161834
65,22161882
66,22161878
67,22161880
68,22161866
69,22161858
70,22161888
71,22161900
72,22161898
73,22161906
74,22161910
75,22161928
76,22161922
77,22161916
78,22161930
79,22161960
80,22161962
81,22161958
82,22161942
83,22161954
84,22161946
85,22161966
86,22161970
87,22161974
88,22161978
89,22161982
90,22161986
91,22161992
92,22162002
93,22162010
94,22162028
95,22162034
96,22162038
97,22162048
98,22162052
99,22162070
100,22162058
101,22162084
102,22162092
103,22162098
104,22162094
105,22162114
106,22162118
107,22162124
108,22162128
109,22162132
110,22162140
111,22162154
112,22162142
113,22162170
114,22162182
115,22162178
116,22162188
117,22165352
118,22165358
119,22165356
120,22165374
121,22165392
122,22165396
123,22163404
124,22163408
125,22163452
126,22163560
127,22163576
128,22163642
129,22163690
130,22163706
131,22163750
132,22163834
133,22163868
134,22163902
135,22163916
136,22163992
137,22163996
138,22164004
139,22164052
140,22164070
141,22164210
142,22164208
143,22164250
144,22164274
145,22164300
146,22164296
147,22164280
148,22164540
149,22164348
150,22164558
151,22164566
152,22164590
153,22165296
154,22164618
155,22165294
156,22164628
157,22164630
158,22164650
159,22164760
160,22164774
161,22159850
162,22159820
163,22164778
164,22164824
165,22163768
166,22159834
167,22164870
168,22163754
169,22159734
170,22163738
171,22161224
172,22161562
173,22161230
174,22163730
175,22159648
176,22163694
177,22161688
178,22165330
179,22164926
180,22161208
181,22164930
182,22162402
183,22161204
184,22160382
185,22164928
186,22160376
187,22163718
188,22161564
189,22162414
190,22164890
191,22161196
192,22161598
193,22159652
194,22164882
195,22163788
196,22159684
197,22159682
198,22164904
199,22161256
200,22162422
201,22161228
202,22162432
203,22162428
204,22163850
205,22163808
206,22162436
207,22163870
208,22161238
209,22164970
210,22159712
211,22161684
212,22159690
213,22161180
214,22161170
215,22164968
216,22160384
217,22160268
218,22159702
219,22164996
220,22159856
221,22163592
222,22160300
223,22159694
224,22162450
225,22159890
226,22161310
227,22163990
228,22160322
229,22159646
230,22165028
231,22163596
232,22162440
233,22159692
234,22163598
235,22162448
236,22159710
237,22161654
238,22164614
239,22160344
240,22163614
241,22159732
242,22165084
243,22160340
244,22163740
245,22165086
246,22163746
247,22159978
248,22161560
249,22160334
250,22161166
251,22160508
252,22165088
253,22165300
254,22163602
255,22164632
256,22163580
257,22163578
258,22165240
259,22163816
260,22160494
261,22161306
262,22159740
263,22161280
264,22164664
265,22164676
266,22165230
267,22164680
268,22162474
269,22161060
270,22160044
271,22160048
272,22160484
273,22159760
274,22163848
275,22161302
276,22159564
277,22161052
278,22163876
279,22160350
280,22165090
281,22163558
282,22163880
283,22160496
284,22159540
285,22163482
286,22161050
287,22159622
288,22163928
289,22160306
290,22163456
291,22159574
292,22164730
293,22160588
294,22165060
295,22160094
296,22160308
297,22161696
298,22159770
299,22160104
300,22159554
301,22164060
302,22165460
303,22162492
304,22164612
305,22163430
306,22161114
307,22159496
308,22161318
309,22164002
310,22161340
311,22161112
312,22159546
313,22162504
314,22164016
315,22162292
316,22161104
317,22160546
318,22164530
319,22164584
320,22164014
321,22165016
322,22162508
323,22159678
324,22163368
325,22160738
326,22160722
327,22160530
328,22164788
329,22161086
330,22164078
331,22161084
332,22160682
333,22164960
334,22164500
335,22159520
336,22164048
337,22160314
338,22160560
339,22159482
340,22164832
341,22164012
342,22161372
343,22159490
344,22163338
345,22160728
346,22163976
347,22161110
348,22164846
349,22165076
350,22160556
351,22164476
352,22160204
353,22161364
354,22160832
355,22162524
356,22161094
357,22164874
358,22164450
359,22163980
360,22163316
361,22161090
362,22165082
363,22163280
364,22161592
365,22160846
366,22161334
367,22160284
368,22160538
369,22160562
370,22164898
371,22159476
372,22160706
373,22164912
374,22160514
375,22163974
376,22164072
377,22164442
378,22159754
379,22165080
380,22160346
381,22160254
382,22162412
383,22161362
384,22164090
385,22163272
386,22160264
387,22160748
388,22161360
389,22160698
390,22161410
391,22163218
392,22160876
393,22160754
394,22160640
395,22159442
396,22163930
397,22160534
398,22163904
399,22162546
400,22163720
401,22164840
402,22158946
403,22162290
404,22161494
405,22160198
406,22160878
407,22160694
408,22160276
409,22164088
410,22159750
411,22160536
412,22159450
413,22159446
414,22163866
415,22163942
416,22160354
417,22161082
418,22161700
419,22163864
420,22164966
421,22164940
422,22163710
423,22164086
424,22165262
425,22160732
426,22160246
427,22158924
428,22160884
429,22159430
430,22161058
431,22160954
432,22160266
433,22161358
434,22164800
435,22164068
436,22161472
437,22160368
438,22163968
439,22162452
440,22160370
441,22159452
442,22163698
443,22160746
444,22163838
445,22163800
446,22164242
447,22160528
448,22164764
449,22163682
450,22161576
451,22160208
452,22160148
453,22160372
454,22164456
455,22163964
456,22160482
457,22163986
458,22161426
459,22160730
460,22165340
461,22160176
462,22159426
463,22161088
464,22160942
465,22164276
466,22165118
467,22163792
468,22159728
469,22162462
470,22164360
471,22165032
472,22160212
473,22159604
474,22160894
475,22162472
476,22164748
477,22161046
478,22164316
479,22159660
480,22164944
481,22158934
482,22163758
483,22160178
484,22163674
485,22164864
486,22160168
487,22160912
488,22160724
489,22164114
490,22160386
491,22161674
492,22159664
493,22160222
494,22163956
495,22159422
496,22159756
497,22164842
498,22161056
499,22164948
500,22164062
501,22160406
502,22160166
503,22163662
504,22161556
505,22164148
506,22161034
507,22161064
508,22164156
509,22161460
510,22164380
511,22165338
512,22164036
513,22162476
514,22159406
515,22163556
516,22163920
517,22160394
518,22165024
519,22159526
520,22164404
521,22164022
522,22160338
523,22165108
524,22162484
525,22163770
526,22160366
527,22163546
528,22161446
529,22159448
530,22161078
531,22160712
532,22160982
533,22164408
534,22160330
535,22162350
536,22160766
537,22160436
538,22161420
539,22164938
540,22163544
541,22165130
542,22160356
543,22160704
544,22159776
545,22161344
546,22159726
547,22161572
548,22164696
549,22159400
550,22164416
551,22160870
552,22159700
553,22160932
554,22160522
555,22164486
556,22160768
557,22159746
558,22164238
559,22158932
560,22160926
561,22161662
562,22160156
563,22163540
564,22164638
565,22165044
566,22160214
567,22160194
568,22164496
569,22163726
570,22162332
571,22165144
572,22160856
573,22160202
574,22158582
575,22164920
576,22159730
577,22158564
578,22164128
579,22165072
580,22162326
581,22158918
582,22161484
583,22160294
584,22165046
585,22163994
586,22164030
587,22163680
588,22164410
589,22164828
590,22150245
591,22161062
592,22163370
593,22160066
594,22160918
595,22161126
596,22163432
597,22163666
598,22160772
599,22163212
600,22163204
601,22161378
602,22164512
603,22162324
604,22159784
605,22164284
606,22164334
607,22162566
608,22164138
609,22160686
610,22164292
611,22163512
612,22161596
613,22160446
614,22162568
615,22158910
616,22164520
617,22160638
618,22164894
619,22160218
620,22162458
621,22161552
622,22163226
623,22160252
624,22161614
625,22164634
626,22161584
627,22160024
628,22162502
629,22163506
630,22160358
631,22160864
632,22160120
633,22164758
634,22165154
635,22163894
636,22165050
637,22160972
638,22161574
639,22161300
640,22163236
641,22163410
642,22158920
643,22160630
644,22161290
645,22165166
646,22164150
647,22164342
648,22163656
649,22161492
650,22160778
651,22163648
652,22163624
653,22164352
654,22164572
655,22165268
656,22162468
657,22164024
658,22160992
659,22161616
660,22161042
661,22160642
662,22163384
663,22158562
664,22160076
665,22164740
666,22159630
667,22164674
668,22164838
669,22164174
670,22165244
671,22158536
672,22160230
673,22163786
674,22160520
675,22162416
676,22160812
677,22160172
678,22164654
679,22164592
680,22160758
681,22163232
682,22164454
683,22160046
684,22160450
685,22164286
686,22160028
687,22163234
688,22163498
689,22164656
690,22165054
691,22160604
692,22159436
693,22163348
694,22164186
695,22160056
696,22159420
697,22160736
698,22160078
699,22164822
700,22159584
701,22164428
702,22159828
703,22161644
704,22164660
705,22164130
706,22163406
707,22160260
708,22164424
709,22160516
710,22163630
711,22159758
712,22163896
713,22160114
714,22160946
715,22162080
716,22160938
717,22161376
718,22159662
719,22160154
720,22160418
721,22160248
722,22160142
723,22162046
724,22160958
725,22164668
726,22164502
727,22161184
728,22164372
729,22160422
730,22165470
731,22164900
732,22160824
733,22161024
734,22161276
735,22160596
736,22164320
737,22164182
738,22163806
739,22161232
740,22159544
741,22160136
742,22159432
743,22164954
744,22160170
745,22164436
746,22165344
747,22160100
748,22159984
749,22164714
750,22161470
751,22159462
752,22165222
753,22163794
754,22160934
755,22164426
756,22161464
757,22160814
758,22160610
759,22159538
760,22160020
761,22164336
762,22164750
763,22164752
764,22164324
765,22164370
766,22160454
767,22163246
768,22161168
769,22160480
770,22160532
771,22161314
772,22162316
773,22164406
774,22161036
775,22160426
776,22162576
777,22160930
778,22160236
779,22158568
780,22150243
781,22162516
782,22165184
783,22162550
784,22164246
785,22159902
786,22161038
787,22164910
788,22158530
789,22163446
790,22164384
791,22162482
792,22164604
793,22161442
794,22161690
795,22162552
796,22164694
797,22150307
798,22159748
799,22162578
800,22164176
801,22161234
802,22160718
803,22164658
804,22162160
805,22164866
806,22164610
807,22159966
808,22163326
809,22160550
810,22162354
811,22165062
812,22160558
813,22162530
814,22160038
815,22164234
816,22162554
817,22159950
818,22163582
819,22159402
820,22164198
821,22161154
822,22159706
823,22164412
824,22159920
825,22159594
826,22162386
827,22160622
828,22162364
829,22165420
830,22158560
831,22164402
832,22164080
833,22161670
834,22164692
835,22164814
836,22163814
837,22160794
838,22160922
839,22160452
840,22163424
841,22162168
842,22164206
843,22165246
844,22164318
845,22163612
846,22164084
847,22163330
848,22163632
849,22160464
850,22162296
851,22165158
852,22163228
853,22165190
854,22164766
855,22163402
856,22150185
857,22160086
858,22160310
859,22160796
860,22164564
861,22164594
862,22161450
863,22160304
864,22164420
865,22160096
866,22165042
867,22164712
868,22165068
869,22163354
870,22161404
871,22161004
872,22160298
873,22165468
874,22164626
875,22165220
876,22160324
877,22159716
878,22164164
879,22160660
880,22161594
881,22164524
882,22163610
883,22163700
884,22160274
885,22159528
886,22161622
887,22160634
888,22160734
889,22159686
890,22161730
891,22159488
892,22160962
893,22159814
894,22164718
895,22164682
896,22163570
897,22160146
898,22160648
899,22164880
900,22160908
901,22159752
902,22161022
903,22163892
904,22161282
905,22160506
906,22162460
907,22163358
908,22160002
909,22164782
910,22161328
911,22159548
912,22163858
913,22165386
914,22159844
915,22163802
916,22159994
917,22163732
918,22164262
919,22163644
920,22160650
921,22150339
922,22164570
923,22164162
924,22165382
925,22163324
926,22162582
927,22164310
928,22163678
929,22163878
930,22164422
931,22164862
932,22164834
933,22163940
934,22164902
935,22162488
936,22160828
937,22159914
938,22159580
939,22163950
940,22160836
941,22165036
942,22164560
943,22164786
944,22164652
945,22161278
946,22161010
947,22161480
948,22160088
949,22158552
950,22163588
951,22160928
952,22164526
953,22165430
954,22150169
955,22160478
956,22162466
957,22159722
958,22165138
959,22164646
960,22160600
961,22160960
962,22164260
963,22159698
964,22161664
965,22160034
966,22160290
967,22159878
968,22159468
969,22159518
970,22165332
971,22164418
972,22163890
973,22164978
974,22164226
975,22160014
976,22164488
977,22163352
978,22164642
979,22164106
980,22164994
981,22165472
982,22160602
983,22162560
984,22160618
985,22160072
986,22161342
987,22163278
988,22161146
989,22165324
990,22158510
991,22163948
992,22160498
993,22159928
994,22158576
995,22164388
996,22159892
997,22164098
998,22163292
999,22159654
1000,22163760
1001,22161252
1002,22163284
1003,22162510
1004,22163216
1005,22161692
1006,22159918
1007,22163400
1008,22165034
1009,22164430
1010,22160798
1011,22164160
1012,22160910
1013,22162540
1014,22163380
1015,22160456
1016,22161124
1017,22164736
1018,22161408
1019,22162558
1020,22160164
1021,22159894
1022,22160008
1023,22162372
1024,22163756
1025,22159512
1026,22163584
1027,22161554
1028,22165380
1029,22161612
1030,22163554
1031,22161198
1032,22160716
1033,22164810
1034,22159566
1035,22159838
1036,22163934
1037,22165242
1038,22163548
1039,22161274
1040,22162586
1041,22159782
1042,22159946
1043,22158908
1044,22163696
1045,22160388
1046,22162374
1047,22164596
1048,22159904
1049,22162304
1050,22160906
1051,22160032
1052,22163308
1053,22152341
1054,22164314
1055,22159736
1056,22164108
1057,22163888
1058,22164640
1059,22160582
1060,22160242
1061,22161214
1062,22164268
1063,22163286
1064,22159506
1065,22161012
1066,22161000
1067,22160320
1068,22160280
1069,22159778
1070,22163394
1071,22160390
1072,22159774
1073,22163428
1074,22160070
1075,22159886
1076,22161416
1077,22158546
1078,22160664
1079,22161352
1080,22160016
1081,22164958
1082,22164726
1083,22163538
1084,22161102
1085,22160652
1086,22160544
1087,22164104
1088,22160512
1089,22161458
1090,22160442
1091,22158558
1092,22161676
1093,22164780
1094,22163550
1095,22165178
1096,22161100
1097,22162570
1098,22159472
1099,22158692
1100,22159418
1101,22163922
1102,22160834
1103,22160092
1104,22160082
1105,22158508
1106,22160590
1107,22150153
1108,22164826
1109,22160636
1110,22158524
1111,22163300
1112,22158544
1113,22164934
1114,22159908
1115,22159474
1116,22164240
1117,22159738
1118,22164608
1119,22164008
1120,22163842
1121,22164460
1122,22163564
1123,22161698
1124,22160400
1125,22164516
1126,22164142
1127,22163268
1128,22162478
1129,22165008
1130,22164362
1131,22152359
1132,22160518
1133,22162588
1134,22159860
1135,22158906
1136,22163416
1137,22164184
1138,22161116
1139,22163328
1140,22158528
1141,22159936
1142,22159416
1143,22165174
1144,22163484
1145,22160916
1146,22159954
1147,22165192
1148,22162382
1149,22164474
1150,22164468
1151,22164244
1152,22163684
1153,22163340
1154,22163854
1155,22165254
1156,22161998
1157,22162574
1158,22161656
1159,22159504
1160,22160952
1161,22161312
1162,22160112
1163,22163530
1164,22160392
1165,22160616
1166,22162442
1167,22165002
1168,22163542
1169,22163310
1170,22160800
1171,22161014
1172,22164622
1173,22164644
1174,22159812
1175,166912862
1176,22160504
1177,22160670
1178,22164144
1179,22164134
1180,22163392
1181,22161272
1182,22159650
1183,22165376
1184,22160060
1185,22161128
1186,22164858
1187,22165040
1188,22163932
1189,22158548
1190,22164702
1191,22164690
1192,22159658
1193,22159590
1194,22163862
1195,22164988
1196,22162520
1197,22160278
1198,22164338
1199,22163924
1200,22165258
1201,22165110
1202,22165092
1203,22163606
1204,22165176
1205,22163918
1206,22163872
1207,22164132
1208,22163492
1209,22164444
1210,22164568
1211,22163436
1212,22163502
1213,22165132
1214,22163412
1215,22163488
1216,22164140
1217,22165094
1218,22163618
1219,19490448
1220,22165100
1221,22165064
1222,22164506
1223,22165196
1224,22165194
1225,22165188
1226,22165346
1227,22165186
1228,22165164
1229,22165180
1230,22165170
1231,22165182
1232,22165148
1233,22165504
1234,22165152
1235,22165136
1236,22165156
1237,22165126
1238,22165150
1239,22165172
1240,22165140
1241,22165142
1242,22165162
1243,22165134
1244,22165168
1245,22165116
1246,22165488
1247,22165586
1248,22165122
1249,22165074
1250,22165342
1251,22165584
1252,22165066
1253,22165484
1254,22165006
1255,22164956
1256,22164984
1257,22165030
1258,22165112
1259,22164964
1260,22164918
1261,22164872
1262,22165058
1263,22165026
1264,22165056
1265,22165098
1266,22165124
1267,22165336
1268,22165494
1269,22165128
1270,22165010
1271,22165020
1272,22165000
1273,22165078
1274,22164850
1275,22165070
1276,22164974
1277,22165018
1278,22164992
1279,22165048
1280,22165052
1281,22164942
1282,22165014
1283,22165012
1284,22165038
1285,22164914
1286,22164998
1287,22165334
1288,22164936
1289,22164976
1290,22164856
1291,22164950
1292,22165022
1293,22164906
1294,22164962
1295,22164816
1296,22164982
1297,22164952
1298,22164916
1299,22164888
1300,22164852
1301,22164796
1302,22164892
1303,22164990
1304,22164798
1305,22164980
1306,22164868
1307,22164886
1308,22164972
1309,22165004
1310,22164802
1311,22164884
1312,22164946
1313,22164860
1314,22165572
1315,22164876
1316,22164724
1317,22164836
1318,22164896
1319,22164922
1320,22164878
1321,22164844
1322,22164908
1323,22164848
1324,22164924
1325,22164746
1326,22164806
1327,22165328
1328,22164732
1329,22164722
1330,22164790
1331,22164792
1332,22164772
1333,22164684
1334,22164708
1335,22164710
1336,22164830
1337,22164804
1338,22164742
1339,22164636
1340,22164776
1341,22164716
1342,22164818
1343,22164812
1344,22164744
1345,22164738
1346,22164728
1347,22164662
1348,22164762
1349,22164648
1350,22164784
1351,22164734
1352,22164770
1353,22165270
1354,22164686
1355,22164768
1356,22165280
1357,22164672
1358,22164704
1359,22164678
1360,22165278
1361,22165326
1362,22164698
1363,22165292
1364,22164586
1365,22165282
1366,22164756
1367,22164666
1368,22164670
1369,22165286
1370,22165276
1371,22164542
1372,22165298
1373,22165272
1374,22165274
1375,22164606
1376,22165288
1377,22165284
1378,22164482
1379,22164536
1380,22164462
1381,22164510
1382,22165564
1383,22164624
1384,22165322
1385,22164494
1386,22165304
1387,22164484
1388,22165290
1389,22165314
1390,22165316
1391,22165320
1392,22165302
1393,22165318
1394,22165446
1395,22164588
1396,22164576
1397,22164490
1398,22165310
1399,22165306
1400,22164602
1401,22164580
1402,22165308
1403,22165312
1404,22164578
1405,22164620
1406,22164472
1407,22164446
1408,22164470
1409,22164562
1410,22164544
1411,22164556
1412,22164522
1413,22164518
1414,22164386
1415,22164532
1416,22164552
1417,22164294
1418,22164582
1419,22164600
1420,22164480
1421,22164478
1422,22165432
1423,22164548
1424,22164288
1425,22164574
1426,22164448
1427,22164498
1428,22165554
1429,22164312
1430,22164550
1431,22164394
1432,22164534
1433,22164546
1434,22164398
1435,22164344
1436,22164538
1437,22164346
1438,22165266
1439,22165442
1440,22164354
1441,22164378
1442,22164414
1443,22164508
1444,22164440
1445,22164166
1446,22164376
1447,22164272
1448,22164464
1449,22165264
1450,22164220
1451,22164306
1452,22164302
1453,22164434
1454,22164308
1455,22164278
1456,22164438
1457,22164230
1458,22164122
1459,22164466
1460,22164458
1461,22165260
1462,22164254
1463,22164256
1464,22164332
1465,22164374
1466,22165536
1467,22164120
1468,22164218
1469,22164224
1470,22164216
1471,22164304
1472,22164396
1473,22164170
1474,22164096
1475,22164094
1476,22164266
1477,22164298
1478,22164204
1479,22164212
1480,22164112
1481,22164330
1482,22164290
1483,22164368
1484,22164322
1485,22164232
1486,22164200
1487,22164064
1488,22164328
1489,22164236
1490,22164264
1491,22165256
1492,22164214
1493,22164110
1494,22164252
1495,22164202
1496,22164152
1497,22164190
1498,22164172
1499,22164032
1500,22165252
1501,22164258
1502,22164168
1503,22164222
1504,22164040
1505,22164228
1506,22164248
1507,22164196
1508,22164124
1509,22164188
1510,22164058
1511,22163984
1512,22164100
1513,22164044
1514,22164356
1515,22164046
1516,22163972
1517,22164018
1518,22164192
1519,22163952
1520,22164066
1521,22163958
1522,22164116
1523,22164102
1524,22164154
1525,22164000
1526,22164126
1527,22164038
1528,22163962
1529,22165250
1530,22164028
1531,22164034
1532,22164082
1533,22163936
1534,22164054
1535,22164056
1536,22163884
1537,22164118
1538,22164026
1539,22163886
1540,22164146
1541,22164092
1542,22163900
1543,22164178
1544,22164180
1545,22164020
1546,22163988
1547,22164050
1548,22163898
1549,22163982
1550,22163998
1551,22164136
1552,22164042
1553,22163970
1554,22164074
1555,22163860
1556,22163856
1557,22163926
1558,22163908
1559,22163960
1560,22163910
1561,22163820
1562,22163946
1563,22165248
1564,22163906
1565,22164010
1566,22163818
1567,22163852
1568,22163954
1569,22164076
1570,22163832
1571,22163776
1572,22163766
1573,22165238
1574,22163784
1575,22164006
1576,22163882
1577,22163762
1578,22163780
1579,22163764
1580,22163724
1581,22163742
1582,22163708
1583,22163978
1584,22163772
1585,22163966
1586,22163714
1587,22163938
1588,22163822
1589,22163676
1590,22163712
1591,22163914
1592,22163646
1593,22163622
1594,22163616
1595,22163912
1596,22163836
1597,22163944
1598,22163846
1599,22163782
1600,22163704
1601,22163716
1602,22163702
1603,22163670
1604,22163520
1605,22163722
1606,22163586
1607,22163874
1608,22163752
1609,22165402
1610,22163840
1611,22163692
1612,22165236
1613,22163494
1614,22163654
1615,22163744
1616,22163790
1617,22163474
1618,22163748
1619,22165234
1620,22163660
1621,22163568
1622,22163828
1623,22163810
1624,22163480
1625,22163472
1626,22163672
1627,22163844
1628,22163664
1629,22163444
1630,22163804
1631,22163442
1632,22165232
1633,22163830
1634,22163736
1635,22163650
1636,22163426
1637,22163476
1638,22163536
1639,22163638
1640,22163604
1641,22163688
1642,22163534
1643,22163552
1644,22163652
1645,22163464
1646,22163600
1647,22163686
1648,22163470
1649,22163478
1650,22163734
1651,22163462
1652,22163728
1653,22163528
1654,22163500
1655,22163374
1656,22163460
1657,22163572
1658,22163510
1659,22163594
1660,22163504
1661,22163418
1662,22163508
1663,22163372
1664,22163590
1665,22163362
1666,22163468
1667,22163574
1668,22163332
1669,22163668
1670,22163396
1671,22163376
1672,22152397
1673,22163636
1674,22152395
1675,22163304
1676,22163454
1677,22163628
1678,22152385
1679,22163288
1680,22163346
1681,22163626
1682,22163566
1683,22163334
1684,22163524
1685,22163532
1686,22163522
1687,22163414
1688,22163496
1689,22163344
1690,22163254
1691,22163388
1692,22165508
1693,22163526
1694,22163398
1695,22165394
1696,22165226
1697,22163486
1698,22163514
1699,22163290
1700,22163562
1701,22163658
1702,22163466
1703,22163382
1704,22165228
1705,22163378
1706,22163360
1707,22163336
1708,22163302
1709,22163448
1710,22163314
1711,22163298
1712,22163296
1713,22163620
1714,22163422
1715,22163242
1716,22163518
1717,22163434
1718,22163490
1719,22163386
1720,22163206
1721,22150353
1722,22163258
1723,22163516
1724,22163350
1725,22163440
1726,22163438
1727,22163208
1728,22161474
1729,22165224
1730,22163266
1731,22163364
1732,22163356
1733,22163420
1734,22163248
1735,22163306
1736,22161704
1737,22163252
1738,22161438
1739,22163312
1740,22163262
1741,22163270
1742,22163250
1743,22161476
1744,22163230
1745,22161430
1746,22150305
1747,22161398
1748,22163222
1749,22161486
1750,22163322
1751,22161702
1752,22163320
1753,22163276
1754,22161412
1755,22163294
1756,22163318
1757,22161482
1758,22163282
1759,22161414
1760,22163244
1761,22161498
1762,22163238
1763,22161440
1764,22161406
1765,22161466
1766,22161390
1767,22161456
1768,22150189
1769,22161348
1770,22163240
1771,22161422
1772,22161356
1773,22161386
1774,22161326
1775,22161320
1776,22161488
1777,22163342
1778,22161400
1779,22161262
1780,22161402
1781,22161478
1782,22161452
1783,22161260
1784,22161490
1785,22163274
1786,22161448
1787,22161388
1788,22161394
1789,22161330
1790,22161336
1791,22162144
1792,22161266
1793,22150171
1794,22161428
1795,22161686
1796,22161418
1797,22161294
1798,22161298
1799,22161332
1800,22161254
1801,22161288
1802,22161258
1803,22161250
1804,22161694
1805,22161246
1806,22161292
1807,22161682
1808,22161264
1809,22150143
1810,22161200
1811,22161374
1812,22150145
1813,22161370
1814,22161132
1815,22150155
1816,22161346
1817,22161216
1818,22161368
1819,22161074
1820,22161136
1821,22161192
1822,22161248
1823,22161240
1824,22161212
1825,22161350
1826,22161222
1827,22161218
1828,22161210
1829,22161226
1830,22161236
1831,22161156
1832,22161680
1833,22161190
1834,22161220
1835,22161308
1836,22161054
1837,22161070
1838,22160990
1839,22161286
1840,22161666
1841,22161268
1842,22161242
1843,22162122
1844,22161142
1845,22161284
1846,22161270
1847,22161140
1848,22161188
1849,22161018
1850,22161026
1851,22161206
1852,22161030
1853,22161028
1854,22160996
1855,22160964
1856,22160998
1857,22161072
1858,22161182
1859,22161186
1860,22161176
1861,22161194
1862,22161130
1863,22161148
1864,22161032
1865,22160900
1866,22160970
1867,22161160
1868,22161150
1869,22161174
1870,22161172
1871,22161120
1872,22161162
1873,22161164
1874,22160882
1875,22160898
1876,22160860
1877,22160980
1878,22160940
1879,22161144
1880,22160810
1881,22161158
1882,22161202
1883,22160886
1884,22161020
1885,22160826
1886,22160978
1887,22161106
1888,22161152
1889,22160976
1890,22160920
1891,22161092
1892,22160786
1893,22161098
1894,22161066
1895,22161178
1896,22160966
1897,22160858
1898,22161080
1899,22161076
1900,22160740
1901,22161040
1902,22160988
1903,22160710
1904,22161016
1905,22160790
1906,22161678
1907,22160936
1908,22160774
1909,22160782
1910,22160678
1911,22160924
1912,22160822
1913,22160700
1914,22160984
1915,22160902
1916,22160666
1917,22160842
1918,22162198
1919,22161008
1920,22160830
1921,22161668
1922,22160792
1923,22160806
1924,22160764
1925,22161006
1926,22161002
1927,22160994
1928,22161044
1929,22160956
1930,22160776
1931,22160944
1932,22160802
1933,22160968
1934,22160668
1935,22160606
1936,22160914
1937,22160568
1938,22160950
1939,22160808
1940,22160866
1941,22160742
1942,22160680
1943,22160726
1944,22160804
1945,22160854
1946,22160578
1947,22160896
1948,22160714
1949,22160696
1950,22160852
1951,22160646
1952,22161672
1953,22160526
1954,22160880
1955,22160644
1956,22160676
1957,22160784
1958,22160608
1959,22160554
1960,22160476
1961,22160892
1962,22160874
1963,22160872
1964,22160552
1965,22160612
1966,22160762
1967,22160744
1968,22160564
1969,22161604
1970,22160820
1971,22160756
1972,22160542
1973,22160490
1974,22160626
1975,22160576
1976,22160614
1977,22160850
1978,22160624
1979,22160692
1980,22160816
1981,22160788
1982,22161602
1983,22161606
1984,22160574
1985,22161608
1986,22160688
1987,22160720
1988,22160848
1989,22160770
1990,22160502
1991,22161610
1992,22160702
1993,22160780
1994,22160566
1995,22161624
1996,22160524
1997,22160752
1998,22160818
1999,22160462
2000,22160708
2001,22160500
2002,22160760
2003,22160672
2004,22161660
2005,22160750
2006,22160472
2007,22161648
2008,22160658
2009,22160684
2010,22160628
2011,22160598
2012,22160412
2013,22161626
2014,22160586
2015,22161658
2016,22160548
2017,22160470
2018,22161620
2019,22162606
2020,22162604
2021,22160486
2022,22161618
2023,22160662
2024,22162602
2025,22160428
2026,22160594
2027,22162596
2028,22162600
2029,22160592
2030,22160584
2031,22162592
2032,22162594
2033,22160510
2034,22162590
2035,22160488
2036,22161628
2037,22162598
2038,22160430
2039,22161642
2040,22160424
2041,22160492
2042,22161630
2043,22160474
2044,22160580
2045,22160448
2046,22160632
2047,22160408
2048,22160362
2049,22160420
2050,22161640
2051,22160466
2052,22160468
2053,22160540
2054,22162572
2055,22161632
2056,22162564
2057,22160434
2058,22160440
2059,22160620
2060,22161652
2061,22160328
2062,22161590
2063,22160416
2064,22160288
2065,22161634
2066,22160316
2067,22160262
2068,22160238
2069,22160380
2070,22160332
2071,22160232
2072,22160570
2073,22161636
2074,22160318
2075,22160656
2076,22160226
2077,22162562
2078,22160654
2079,22161638
2080,22160414
2081,22160282
2082,22160216
2083,22160364
2084,22160378
2085,22160438
2086,22160432
2087,22160206
2088,22160220
2089,22160256
2090,22160410
2091,22161600
2092,22161646
2093,22161650
2094,22160396
2095,22160572
2096,22160182
2097,22162548
2098,22160150
2099,22162556
2100,22162544
2101,22162542
2102,22160118
2103,22160250
2104,22162538
2105,22160458
2106,22160460
2107,22160110
2108,22160326
2109,22160102
2110,22162518
2111,22160210
2112,22162536
2113,22160348
2114,22162522
2115,22160162
2116,22160228
2117,22160196
2118,22160160
2119,22161582
2120,22160398
2121,22162534
2122,22160108
2123,22160404
2124,22160342
2125,22160144
2126,22162512
2127,22162506
2128,22160374
2129,22160270
2130,22160098
2131,22160140
2132,22160444
2133,22160130
2134,22160244
2135,22160152
2136,22160134
2137,22160058
2138,22162514
2139,22162500
2140,22162486
2141,22160296
2142,22160036
2143,22160312
2144,22160012
2145,22162494
2146,22160090
2147,22162498
2148,22160042
2149,22160352
2150,22160068
2151,22162496
2152,22161580
2153,22160402
2154,22162490
2155,22162480
2156,22160084
2157,22160054
2158,22160026
2159,22160000
2160,22160010
2161,22160050
2162,22160062
2163,22159964
2164,22160180
2165,22162464
2166,22160302
2167,22159942
2168,22160224
2169,22160234
2170,22160052
2171,22159940
2172,22160336
2173,22160174
2174,22161586
2175,22160116
2176,22160240
2177,22159944
2178,22160158
2179,22160006
2180,22159998
2181,22160122
2182,22160018
2183,22159992
2184,22160360
2185,22159900
2186,22160292
2187,22162470
2188,22160186
2189,22160188
2190,22159880
2191,22159932
2192,22160132
2193,22161588
2194,22160184
2195,22160192
2196,22159956
2197,22162420
2198,22162456
2199,22162454
2200,22159910
2201,22160272
2202,22159896
2203,22162410
2204,22160138
2205,22159898
2206,22160040
2207,22159810
2208,22160074
2209,22159852
2210,22159846
2211,22162406
2212,22160064
2213,22160190
2214,22159802
2215,22159818
2216,22162404
2217,22159858
2218,22159780
2219,22159792
2220,22160022
2221,22162434
2222,22161578
2223,22159832
2224,22160124
2225,22162418
2226,22162388
2227,22159772
2228,22162408
2229,22162398
2230,22159996
2231,22159798
2232,22162396
2233,22159786
2234,22162430
2235,22159972
2236,22162424
2237,22159960
2238,22162426
2239,22160106
2240,22162400
2241,22162394
2242,22162378
2243,22159854
2244,22162384
2245,22159868
2246,22159970
2247,22160126
2248,22159962
2249,22159840
2250,22162376
2251,22161570
2252,22159870
2253,22159826
2254,22161568
2255,22159982
2256,22160080
2257,22159796
2258,22159912
2259,22160004
2260,22162370
2261,22162342
2262,22159822
2263,22159974
2264,22159794
2265,22159830
2266,22159824
2267,22159800
2268,22159724
2269,22159930
2270,22159988
2271,22159680
2272,22159788
2273,22159922
2274,22159816
2275,22159976
2276,22159808
2277,22159806
2278,22159906
2279,22159938
2280,22159980
2281,22159766
2282,22159986
2283,22159926
2284,22159952
2285,22159768
2286,22159842
2287,22159882
2288,22159608
2289,22159762
2290,22159836
2291,22162366
2292,22159924
2293,22159764
2294,22159884
2295,22159626
2296,22159990
2297,22159718
2298,22159640
2299,22159968
2300,22159916
2301,22159790
2302,22162328
2303,22162380
2304,22159948
2305,22162346
2306,22159642
2307,22162756
2308,22160030
2309,22159720
2310,22159666
2311,22159704
2312,22162322
2313,22159688
2314,22162344
2315,22159530
2316,22159874
2317,22159614
2318,22159696
2319,22159624
2320,22162390
2321,22162338
2322,22162352
2323,22159618
2324,22159876
2325,22162368
2326,22159634
2327,22159616
2328,22159596
2329,22162392
2330,22159872
2331,22159550
2332,22159638
2333,22162334
2334,22162336
2335,22159592
2336,22159514
2337,22159576
2338,22162330
2339,22159586
2340,22159582
2341,22162298
2342,22159866
2343,22159620
2344,22159536
2345,22159864
2346,22159542
2347,22159510
2348,22159644
2349,22159454
2350,22162314
2351,22159708
2352,22162312
2353,22159602
2354,22159508
2355,22159674
2356,22159600
2357,22161558
2358,22159598
2359,22159606
2360,22159572
2361,22159438
2362,22162294
2363,22159632
2364,22159714
2365,22162300
2366,22158948
2367,22159492
2368,22159532
2369,22159516
2370,22159668
2371,22159502
2372,22159466
2373,22159570
2374,22162318
2375,22159742
2376,22159464
2377,22159744
2378,22159672
2379,22159562
2380,22159460
2381,22158942
2382,22162288
2383,22159656
2384,22159500
2385,22159458
2386,22158944
2387,22159480
2388,22159470
2389,22159556
2390,22159494
2391,19490446
2392,22159440
2393,22158936
2394,22161566
2395,22159670
2396,22159612
2397,22159484
2398,22158938
2399,22159428
2400,22159478
2401,19488400
2402,22159560
2403,22159456
2404,22159588
2405,22159558
2406,22159552
2407,22159486
2408,22159568
2409,22159610
2410,22159444
2411,22158916
2412,22159498
2413,22158928
2414,22159524
2415,22158914
2416,22159434
2417,22159578
2418,22161548
2419,22159424
2420,22159522
2421,22161550
2422,22158912
2423,22158570
2424,22159412
2425,22159534
2426,22158902
2427,22158904
2428,22158584
2429,22158578
2430,22159410
2431,22158574
2432,19486532
2433,22158572
2434,22159404
2435,22158694
2436,22159414
2437,22158566
2438,22158550
2439,22158580
2440,22159408
2441,22158534
2442,22158520
2443,22158538
2444,22158526
2445,22158556
2446,22158554
2447,22158506
2448,22158532
2449,22158522
2450,22158540
2451,22158504
2452,22158542
2453,22158514
2454,22158518
2455,22158512
2456,22158516
2457,22158500
2458,22158502
2459,22164364
2460,22162196
2461,22162148
2462,22162108
2463,22170604
2464,22161798
2465,22162880
2466,22162770
2467,22160862
2468,22163224
2469,22163634
2470,22164504
2471,22164808
